"0.968991,-3.85568"
"-2.85072,-7.48979"
"10.4823,-5.26288"
"-1.06748,-8.21408"
"3.79424,-3.12225"
"-1.66093,-7.03835"
"-4.53841,-2.7407"
"-6.45349,-7.34801"
"-0.454638,-3.22209"
"-2.76268,-8.50396"
"2.42529,-6.85704"
"-0.352408,-7.16818"
"-5.70871,-3.54912"
"-0.593313,-4.95356"
"5.56341,-3.66332"
"0.420179,-4.57839"
"0.0775987,-6.2573"
"5.79592,-3.74402"
"0.0712176,-4.37002"
"4.52015,-5.94583"
"0.690799,-5.58995"
"-7.65319,-3.16206"
"-8.09775,-8.26168"
"-2.80187,-4.39683"
"7.09389,-6.27804"
"-1.82466,-3.00712"
"-1.50905,-2.13014"
"-3.0827,-3.89033"
"3.8625,-5.07602"
"-4.70768,-7.48271"
"-0.908771,-7.12556"
"-1.42614,-4.12784"
"0.70686,-4.62693"
"0.60937,-5.23745"
"-3.98399,-5.41229"
"-0.601872,-7.57489"
"-1.61768,-3.79588"
"4.53817,-2.30679"
"-5.18641,-3.89442"
"2.5427,-5.04863"
"6.9683,-6.02045"
"1.37414,-4.32019"
"-2.89025,-3.3751"
"-3.46257,-3.90565"
"-3.79436,-5.02917"
"-2.55573,-4.9016"
"0.401942,-4.14127"
"-1.86316,-5.36426"
"-3.65949,-0.781238"
"-4.82721,-9.19935"
"1.26222,-5.66501"
"-2.87801,-3.18029"
"3.18276,-3.60082"
"0.475845,-7.59102"
"2.31758,-5.36337"
"-1.22496,-4.16014"
"-1.84828,-5.5199"
"3.74804,-7.30931"
"-5.38741,-4.7023"
"-1.79846,-2.93134"
"3.75505,-4.15391"
"0.169523,-1.70859"
"-7.1886,-5.25172"
"4.16742,-3.02745"
"2.84164,-5.08442"
"-2.42558,-4.95226"
"-5.56646,-4.47199"
"-5.64143,-3.05179"
"9.81152,-0.792347"
"2.86987,-1.71945"
"-1.46431,-5.93524"
"-1.96301,-4.75488"
"4.10214,-3.46583"
"0.824519,-4.78368"
"-7.20525,-5.62095"
"-2.12786,-5.30591"
"3.90357,-1.32807"
"-2.5138,-1.41699"
"0.561988,-4.91299"
"-1.86755,-3.20691"
"-2.75044,-3.07264"
"-8.62562,-3.85582"
"0.93787,-2.64822"
"1.08489,-4.94004"
"-2.5451,-4.55367"
"-3.92784,-3.09055"
"1.80675,-5.32468"
"1.85576,-6.6401"
"2.70511,-2.23568"
"3.28862,-4.00062"
"-1.54281,-6.48811"
"-4.61249,-6.53022"
"-6.49146,-3.76123"
"3.15548,-8.06081"
"-1.93488,-3.97886"
"9.18717,-6.07795"
"-5.91313,-4.60995"
"4.70105,-5.10024"
"-0.312504,-1.81589"
"6.83397,-3.27279"
"-4.65131,-3.28904"
"2.08727,-6.43984"
"-3.07874,-7.56673"
"-2.34915,-3.72194"
"4.84304,-5.7459"
"0.139977,-3.79546"
"4.12587,-5.81574"
"0.0601642,-3.82173"
"-6.50939,-4.50232"
"-4.67326,-5.39432"
"4.01042,-2.577"
"2.48017,-4.9036"
"2.19668,-1.76239"
"-0.501097,-4.69159"
"5.4671,-6.10896"
"-1.45255,-6.84698"
"-4.45201,-4.74411"
"-6.54022,-6.37729"
"5.052,-3.83249"
"-0.721961,-1.55971"
"-4.19333,-4.48225"
"-2.69858,-2.20689"
"-5.88276,-3.8703"
"5.31645,-3.69973"
"-0.0991095,-3.2403"
"-8.22438,-5.67613"
"2.4097,-5.00985"
"-0.413305,-1.85169"
"-5.20623,-6.50781"
"-7.15083,-3.78021"
"-1.20035,1.33714"
"-6.45033,-4.44649"
"-7.73992,-2.8333"
"3.81937,-8.13948"
"-0.899291,-2.3925"
"0.37108,-5.44032"
"-1.69932,-2.49435"
"-5.32631,-4.09718"
"-1.29414,-2.16743"
"1.06302,-3.45784"
"-1.72242,-1.44498"
"0.0431374,-6.92276"
"0.0748248,-5.97566"
"-2.18971,-3.90391"
"2.04981,-4.23578"
"-4.22893,-5.88411"
"-5.83622,-4.34479"
"-4.68158,-5.59283"
"-7.68697,-4.34454"
"-3.24221,-1.76617"
"-2.72624,-3.83998"
"-3.28528,-2.85118"
"-2.3744,-2.70128"
"-4.7597,-1.28125"
"1.95813,-5.64274"
"0.305081,-2.72297"
"-2.27202,-4.36083"
"3.49011,-3.12096"
"-6.50751,-4.13631"
"-2.51455,-4.24673"
"1.37211,-4.11852"
"8.68336,-4.01075"
"6.09138,-3.89248"
"-1.47316,-5.07445"
"0.277451,-2.44735"
"-2.6926,-7.99195"
"-7.47737,-5.8402"
"1.13308,-1.82477"
"-4.26765,-2.07414"
"-1.27334,-4.84367"
"0.306417,-2.84643"
"-5.06856,-2.25049"
"0.623532,-5.76119"
"-6.8556,-4.72401"
"5.18786,-4.25479"
"-1.23115,-5.29754"
"-6.64346,-8.03147"
"-7.20077,-2.86684"
"0.246888,-5.76169"
"3.40813,-4.1207"
"-2.01891,-4.41253"
"-3.35919,-4.98554"
"1.79268,-6.53302"
"3.24922,-6.09354"
"1.01796,-4.99475"
"5.2439,-4.45897"
"-6.75911,-7.1158"
"-2.57574,-4.3881"
"-3.97007,-6.54113"
"-0.397902,-8.54023"
"-1.55483,-5.52257"
"-6.10409,-4.32871"
"1.52167,-3.39617"
"5.51858,-4.29444"
"-5.98453,-6.94096"
"3.99159,-2.28181"
"3.01896,-4.53774"
"-2.94024,-5.88713"
"0.0179108,-7.26164"
"1.21352,-4.37003"
"-1.43638,-3.7406"
"1.59959,-6.58275"
"-0.44436,-5.28265"
"-5.53231,-5.15197"
"7.79271,-1.02953"
"3.1884,-6.75119"
"-0.605732,-3.59628"
"1.49399,-5.32753"
"-0.983739,-2.24791"
"7.29223,-3.55842"
"3.53667,-3.99089"
"-2.60976,-3.29953"
"6.53362,-2.44137"
"-6.46465,-1.39731"
"-4.47302,-3.90038"
"3.50366,-3.34519"
"1.28563,-5.48209"
"-3.59751,-4.05885"
"3.2929,-4.39021"
"6.83963,-4.4692"
"-0.0215994,-8.22637"
"0.12776,-4.73924"
"-2.69673,-3.56099"
"-7.41918,-5.20262"
"2.93511,-3.25493"
"0.364949,-4.65642"
"2.54684,-3.09164"
"-0.808315,-3.95961"
"1.06708,-5.8499"
"-2.09096,-6.71658"
"-2.7221,-6.31389"
"0.22156,-4.92883"
"3.46706,-5.30653"
"-3.51026,-3.75585"
"-3.69257,-5.50072"
"-1.16763,-5.34288"
"6.25891,-4.98683"
"0.917403,-2.62074"
"-5.23103,-7.91659"
"-1.16905,-3.93224"
"-4.57046,-5.05104"
"-7.20089,-3.45769"
"-7.00124,-3.60558"
"-0.00607301,-3.47794"
"-7.67366,-4.26933"
"-3.66241,-6.99607"
"-5.62578,-4.46226"
"-8.39751,-3.14462"
"-1.67218,-2.70407"
"-1.61522,-3.65219"
"1.43061,-5.77221"
"5.35877,-4.90969"
"-2.87167,-5.61092"
"5.20762,-2.28119"
"-1.714,-4.12596"
"5.94279,-4.69266"
"-0.944085,-4.81605"
"3.78073,-7.22975"
"0.238825,-6.07962"
"-1.82893,-7.31761"
"1.85728,-4.16771"
"-4.01016,-3.8112"
"-2.1548,-6.11761"
"-7.6151,-6.5544"
"-3.91272,-4.48723"
"-1.55737,-1.63879"
"2.64876,-3.72899"
"-1.12898,-6.39688"
"8.42174,-5.36422"
"-1.24355,-5.70985"
"2.99751,-2.83938"
"1.32318,-2.92473"
"1.27995,-6.60126"
"3.16165,-5.86417"
"-5.69223,-5.21759"
"-6.19104,-3.03939"
"-6.46241,-4.62434"
"3.05398,-1.65393"
"4.25036,-3.35188"
"6.58315,-8.15111"
"-5.37373,-3.29072"
"0.287249,-6.53955"
"-6.52416,-4.46391"
"1.24542,-5.5446"
"3.57865,-4.52085"
"2.58275,-3.05762"
"-1.55549,-2.13045"
"-3.15422,-3.17689"
"2.02868,-2.9651"
"-2.10741,-2.97689"
"-0.136195,-3.60305"
"-3.80535,-5.79927"
"2.96195,-4.12958"
"3.75428,-3.99592"
"2.28197,-0.065704"
"0.088624,-4.86962"
"-3.02121,-3.09704"
"2.08009,-2.65607"
"4.79137,-4.86898"
"-0.847944,-4.57662"
"-1.62903,-5.68022"
"-5.3151,-7.66189"
"6.14399,-5.80603"
"-1.66065,-6.6873"
"7.65011,-3.04262"
"0.906405,-6.85955"
"-6.62106,-3.24971"
"6.57693,-6.01973"
"-5.84453,-7.02501"
"-3.20675,-2.57398"
"-3.33648,-7.434"
"-5.42189,-3.33394"
"4.81179,-6.30479"
"2.55382,-2.31019"
"-10.5315,-7.07065"
"-4.57314,-2.84794"
"3.98417,-3.2181"
"-5.70572,-2.85995"
"-0.00131626,-4.46484"
"3.72054,-5.36864"
"-2.09655,-2.24543"
"1.30195,-4.97426"
"1.74027,-4.27539"
"7.72019,-5.72428"
"0.471301,-4.01812"
"-0.754064,-4.30739"
"0.303341,-5.11077"
"-4.25997,-5.50325"
"1.9675,-5.3748"
"2.73175,-4.47402"
"2.74223,-4.54799"
"-2.28354,-4.60235"
"2.45725,-3.99455"
"-8.08637,-2.53542"
"-6.81255,-4.61709"
"2.985,-6.02159"
"-5.53211,-6.85643"
"3.3605,-3.52608"
"-6.42553,-3.38414"
"5.7264,-5.11638"
"7.3809,-4.4907"
"-3.47806,-2.53241"
"-2.27388,-2.9164"
"-1.13539,-4.12842"
"-0.125655,-5.46936"
"-4.81203,-3.55922"
"2.02569,-6.76461"
"1.27376,-4.83293"
"3.1422,-3.99612"
"-7.04272,-2.14497"
"-7.85878,-4.35759"
"1.35802,-4.61318"
"-5.29407,-4.81484"
"-3.6164,-5.09859"
"-3.97253,-6.22366"
"6.72985,-4.02658"
"3.16081,-4.20167"
"4.27738,-5.1635"
"0.582769,-5.29104"
"-1.32874,-2.8075"
"-11.3397,-5.6155"
"-1.2047,-3.22232"
"-1.85814,-4.65553"
"5.48075,-2.82945"
"-1.43477,-5.7929"
"-0.78491,-4.78513"
"-1.3433,-4.81747"
"0.197783,-6.85409"
"-0.490918,-3.12342"
"-3.1345,-5.34293"
"-6.31582,-3.19059"
"0.00212864,-3.37201"
"-4.84503,-3.94082"
"-5.42628,-6.55282"
"2.07386,-2.97869"
"-3.73879,-4.59223"
"-0.869798,-6.09363"
"-6.54383,-3.73881"
"-6.3048,-6.75643"
"-1.65218,-4.41552"
"-5.79392,0.383706"
"-1.26532,-3.77814"
"-1.75475,-3.49894"
"-1.75447,-2.29339"
"-0.120382,-3.54146"
"-2.9061,-5.14592"
"-5.60594,-5.25283"
"-7.51362,-2.90748"
"9.11093,-4.73577"
"1.07601,-8.09394"
"4.22379,-4.12017"
"-6.04604,-5.84033"
"-5.73309,-3.51072"
"4.0116,-7.13094"
"-8.80764,-7.46447"
"-7.41079,-3.65817"
"-4.56435,-5.04472"
"-4.57334,-5.30293"
"-4.89439,-7.17567"
"-2.31133,-4.5388"
"3.29326,-4.09013"
"-7.73419,-3.46165"
"4.27318,-5.18383"
"-4.48189,-1.8633"
"1.34145,-4.05927"
"4.06848,-4.4079"
"-4.01826,-5.67649"
"-1.4854,-2.64411"
"-0.932535,-2.88154"
"-3.31122,-4.74404"
"-4.63961,-5.44831"
"2.87646,-6.63685"
"5.02425,-3.76994"
"-0.14963,-2.04067"
"6.77432,-5.73839"
"-8.45051,-4.87408"
"0.0674668,-4.34281"
"1.28231,-4.0782"
"2.27945,-4.05729"
"2.05931,-4.97655"
"3.15498,-4.357"
"-5.05533,-7.34564"
"0.5055,-2.91898"
"1.86797,-7.73722"
"4.30904,-2.82503"
"4.97151,-4.10553"
"-2.95007,-4.57921"
"0.37657,-5.31364"
"-1.08267,-3.65039"
"-2.27634,-5.41529"
"7.86959,-2.25512"
"-1.77331,-4.11473"
"-5.18899,-3.70791"
"-1.07879,-3.89701"
"1.12233,-4.93328"
"-0.846475,-7.38774"
"2.2422,-5.10694"
"2.70457,-4.66571"
"-4.29295,-7.5139"
"2.92442,-3.84979"
"6.66806,-3.64496"
"0.58782,-6.2713"
"-1.17662,-4.15605"
"-2.20699,-6.58974"
"-3.88286,-5.66499"
"0.0988926,-4.20797"
"-4.28946,-8.04352"
"-0.230561,-6.14946"
"5.55654,4.57661"
"4.97463,7.85354"
"5.14416,7.33852"
"5.96512,5.96281"
"5.03024,5.75372"
"4.96073,5.55719"
"5.08626,7.40207"
"6.06589,6.95241"
"5.8168,6.61512"
"5.87315,6.34349"
"5.72101,7.64853"
"6.12633,6.09292"
"5.06143,4.94737"
"5.42618,8.42993"
"4.68096,5.17542"
"4.54858,9.95459"
"6.13357,4.96063"
"4.52965,6.52559"
"6.05952,7.56839"
"5.09707,7.39956"
"4.80696,4.41993"
"5.70651,6.43354"
"4.63414,5.05241"
"5.24797,5.02474"
"6.43319,5.93069"
"6.06546,8.51402"
"5.66202,5.99822"
"4.57735,7.96915"
"4.87081,7.73519"
"5.51344,5.158"
"3.97295,6.54515"
"4.67039,6.00131"
"5.88702,8.0331"
"6.50377,2.78283"
"5.35261,8.0377"
"4.92462,6.27437"
"4.81864,6.21621"
"5.94293,3.75681"
"6.39415,7.53968"
"5.96687,7.01938"
"5.12761,4.55896"
"4.80297,6.47352"
"4.04016,7.50018"
"4.71928,3.21786"
"5.85028,5.08082"
"4.81494,5.44174"
"5.9653,7.3418"
"5.07629,7.45873"
"5.39496,5.70656"
"7.19231,6.34493"
"5.24669,4.0991"
"5.32193,10.1651"
"5.11654,7.95636"
"4.11507,5.25565"
"4.57943,6.00311"
"5.60585,5.38098"
"4.87671,7.01956"
"4.88542,6.62555"
"6.03584,7.37981"
"6.60018,4.93722"
"6.60168,5.32781"
"5.34015,7.34488"
"4.98868,5.904"
"6.07749,6.40054"
"5.28755,7.36238"
"5.16245,10.4674"
"5.11279,4.86413"
"5.37473,7.68164"
"4.57983,7.66947"
"6.35264,8.39247"
"5.62298,7.82384"
"4.98424,8.36107"
"5.10055,7.4423"
"4.74585,7.17904"
"5.05956,6.68823"
"5.73612,6.22026"
"5.37153,6.41119"
"4.49135,10.2489"
"5.20411,3.71342"
"4.91952,7.54365"
"6.07322,5.34307"
"5.22772,6.78355"
"5.59201,7.18924"
"5.63587,4.65444"
"4.18892,10.7177"
"5.01213,7.30487"
"5.33211,6.53927"
"5.23575,7.83645"
"5.94599,7.66365"
"4.1569,5.8829"
"4.59472,5.26923"
"5.52753,6.12329"
"5.20617,5.78943"
"4.7422,7.57693"
"6.01748,4.98589"
"4.86384,7.2814"
"7.11603,7.87493"
"5.37389,5.7798"
"6.89731,6.6109"
"4.41645,8.21612"
"4.69429,9.45724"
"4.04992,4.9533"
"5.01717,5.25249"
"4.34308,8.12028"
"5.33767,4.63269"
"5.77287,3.71193"
"4.70002,4.2706"
"4.43091,7.24187"
"5.18573,5.34967"
"5.73115,6.49816"
"5.78991,6.82298"
"5.86269,5.65556"
"5.34743,4.20713"
"5.56868,8.49912"
"5.83394,3.50236"
"6.32297,7.24072"
"4.63573,5.86779"
"4.45178,5.6636"
"5.18555,5.67838"
"5.45866,7.46056"
"5.88397,8.14284"
"5.43563,5.62574"
"4.28858,5.50087"
"4.4972,7.66069"
"5.25651,5.93169"
"4.35748,7.39226"
"4.24394,7.60445"
"4.51983,6.62321"
"5.88416,5.07726"
"5.55025,4.86374"
"5.31676,4.88422"
"5.18441,4.92965"
"6.54156,6.31804"
"6.84344,7.08011"
"5.15877,6.25477"
"4.95276,7.85144"
"5.63884,6.0093"
"5.24475,2.78147"
"5.61869,5.79977"
"5.29058,5.57136"
"4.93935,5.78732"
"4.42379,6.46985"
"5.1017,6.56708"
"5.29453,4.47116"
"5.04437,8.94198"
"5.17069,7.36482"
"4.81655,2.81739"
"5.25135,7.4629"
"5.92451,7.99099"
"4.74919,6.58474"
"5.87581,3.14723"
"5.35378,3.34374"
"4.44158,5.98912"
"5.29409,5.76489"
"5.40222,5.87721"
"5.99481,8.28062"
"4.89016,7.13415"
"4.89301,8.50264"
"5.42135,5.61025"
"6.36209,4.98437"
"5.5059,4.99102"
"4.64288,9.28031"
"5.25897,7.04729"
"5.4615,7.68247"
"4.32099,7.19328"
"5.46662,7.98242"
"5.71466,6.51944"
"5.67945,6.31918"
"4.58309,4.83528"
"5.0588,8.14661"
"4.61308,4.53713"
"5.27079,5.34428"
"5.78332,9.20229"
"5.57543,7.33076"
"5.42949,6.99149"
"4.76014,3.88247"
"5.83064,2.81775"
"4.7459,5.14567"
"6.21494,5.30246"
"5.80052,6.04052"
"5.71343,5.92622"
"5.0508,4.79885"
"5.80056,6.8492"
"4.90742,6.78921"
"6.18066,8.25065"
"5.41982,7.63519"
"4.64222,5.88418"
"5.14314,5.66113"
"6.7426,4.90023"
"5.33813,6.72638"
"5.30752,7.50689"
"4.88976,3.31967"
"6.14681,5.52087"
"4.68298,4.83357"
"4.59312,5.88387"
"5.21552,5.56637"
"5.25374,3.72288"
"4.54928,4.84087"
"4.66333,8.17936"
"5.32789,7.91512"
"5.43946,4.99177"
"5.93661,7.37884"
"5.95026,8.29099"
"-6.79356,7.72979"
"-5.08226,6.56239"
"-6.06996,6.91462"
"-2.07933,6.38442"
"-2.92121,6.39283"
"-3.75031,5.87121"
"-4.11103,7.00818"
"-4.53783,5.82826"
"-4.31445,7.16806"
"-5.55496,6.80665"
"-2.83084,5.33359"
"-4.90468,6.97967"
"-5.18803,6.56246"
"-7.05355,7.49728"
"-7.25843,7.22073"
"-6.30459,7.34993"
"-3.98294,6.2475"
"-5.73335,5.5896"
"-4.92088,5.12001"
"-4.10758,7.07559"
"-5.9619,8.38627"
"-2.10387,5.92132"
"-3.4317,6.88108"
"-4.55206,8.12959"
"-4.63036,6.58359"
"-4.16746,8.14933"
"-6.25538,5.40644"
"-5.16451,6.16652"
"-1.72642,6.33249"
"-1.92808,5.75617"
"-4.13289,6.13298"
"-6.18998,7.05357"
"-4.24081,6.54882"
"-2.49382,6.22634"
"-2.90743,6.02442"
"-6.29836,7.17256"
"-4.14996,6.17099"
"-5.51265,6.6405"
"-5.82412,8.1905"
"-5.28771,6.08174"
"-2.82246,6.06858"
"-1.97816,5.62434"
"-3.20836,7.61723"
"-1.89502,6.09697"
"-5.06105,6.92412"
"-1.96514,6.13338"
"-1.81065,6.79493"
"-4.88395,7.30995"
"-5.17648,6.62346"
"-7.89645,6.61715"
"-5.02368,6.87917"
"-3.05991,6.29921"
"-4.58542,6.6637"
"-4.5419,6.3661"
"-4.20318,6.72356"
"-4.58346,6.26367"
"-6.04518,7.83991"
"-3.80915,7.066"
"-1.59362,5.13098"
"-8.70257,5.85416"
"-7.22838,7.06489"
"-3.69123,6.04955"
"-4.20416,6.4426"
"-6.33797,7.31335"
"-5.76282,8.36655"
"-0.526069,7.60615"
"-6.40655,6.68096"
"-5.35342,7.70423"
"-4.8115,6.492"
"-5.91701,7.11619"
"-2.9659,4.94079"
"-2.39529,6.72237"
"-4.78713,7.06635"
"-5.54954,7.86158"
"-0.712888,6.5551"
"-5.78322,6.93845"
"-1.66353,8.10852"
"-5.5023,5.24923"
"-6.78298,6.86687"
"-3.22889,6.52311"
"-3.1307,7.27195"
"-4.74319,7.99964"
"-5.02228,6.98776"
"-6.33356,6.79358"
"-7.02387,5.97473"
"-2.41641,7.28534"
"-0.738047,5.25749"
"-3.12701,5.93384"
"-3.99877,5.42229"
"-5.099,8.14299"
"-2.91189,5.84253"
"-0.706473,4.94011"
"-7.14817,6.39491"
"-2.52292,7.44695"
"-6.06412,5.11548"
"-3.05948,5.94704"
"-5.04068,5.51668"
"-0.819717,5.63297"
"-4.88435,6.5053"
"-3.38535,6.13439"
"0.357021,5.58873"
"-7.22302,6.98233"
"-3.7165,8.09499"
"-3.77296,7.27162"
"-6.1098,5.31465"
"-0.38644,5.92825"
"-3.08426,7.92249"
"-6.44297,6.59609"
"-4.42758,7.60595"
"-2.07479,6.69232"
"-4.47134,6.88745"
"-4.31511,6.56618"
"-5.42683,7.06219"
"-4.2905,7.33816"
"-3.24427,5.98356"
"-3.42977,6.30244"
"-4.46858,7.19187"
"-2.85647,7.02601"
"-4.08753,5.40087"
"-1.96556,7.26237"
"-1.97122,6.12687"
"-3.63187,6.64298"
"-3.73326,6.63355"
"-4.31257,7.66678"
"-4.0272,6.66825"
"-5.96452,7.37142"
"-1.28233,6.02949"
"-6.4584,7.01573"
"-3.22773,6.88594"
"-0.422245,6.19702"
"-5.24774,5.69899"
"-4.85481,6.66521"
"-2.86206,5.79765"
"-5.70378,7.02077"
"-2.48968,6.22839"
"-3.73841,5.89353"
"-7.45942,6.92664"
"-5.73708,6.23409"
"-3.79079,6.30732"
"-7.74001,7.24152"
"-6.80852,7.1433"
"-5.90932,5.926"
"-0.582483,6.41727"
"-3.46178,7.08413"
"-5.13668,6.59167"
"-4.05107,6.33771"
"-5.50095,6.00496"
"-5.41326,7.05229"
"-1.22615,5.40728"
"-10.5372,8.94403"
"-5.57229,7.19372"
"-2.91122,7.90395"
"-2.58164,5.2002"
"-4.61716,8.33357"
"-8.80194,6.68605"
"-2.48523,6.5494"
"-7.24241,6.44453"
"-2.26824,5.91918"
"-7.97502,6.34708"
"-4.0304,5.42643"
"-4.36894,7.06448"
"-3.6377,7.7387"
"-4.05592,7.35778"
"-4.51919,5.35791"
"-3.35099,7.69691"
"-3.36271,6.09856"
"-4.18768,6.82353"
"-6.13811,6.94224"
"-4.29458,7.89757"
"-3.07487,6.3471"
"-5.22568,7.14255"
"-1.6422,6.42638"
"-4.25408,6.39649"
"-5.63497,6.59873"
"-3.14601,7.29328"
"-3.31183,5.9755"
"-2.21358,7.95833"
"-2.75211,5.2666"
"-5.61313,6.97118"
"-6.05092,7.47403"
"-4.34419,5.48328"
"-2.77725,5.88263"
"-1.24587,6.17762"
"-7.49922,7.27157"
"-4.30142,6.61315"
"-3.2263,5.7844"
"-5.06624,6.5887"
"-4.86515,7.0752"
"-3.93732,7.92376"
"-1.75107,5.62283"
"-7.32368,6.33016"
"-4.17963,6.54624"
"-3.33685,6.52906"
"-5.37045,7.73006"
"-2.71861,5.27318"
"-3.96366,6.76372"
"-4.51724,6.67694"
"0.296906,6.49395"
"-2.88592,7.17755"
"-3.40091,7.4036"
"-3.14813,7.2752"
"-8.67442,7.44638"
"-5.58737,6.47412"
"-5.37565,7.47741"
"-3.41507,8.25739"
"-2.75108,6.36834"
"-7.56695,6.0473"
"-4.60525,7.38563"
"-1.6973,5.7488"
"-3.90679,6.06374"
"-4.52209,7.86149"
"-4.07513,5.20365"
"-4.04305,6.64225"
"-3.25377,6.5859"
"-6.24771,6.59697"
"-3.30303,7.66583"
"-7.06714,7.13872"
"-0.886979,6.12029"
"-3.76714,7.16603"
"-2.35473,6.32332"
"-5.79987,7.27111"
"-2.66058,6.81144"
"-6.16398,8.25709"
"-4.5257,7.17779"
"-5.22857,8.50742"
"-2.61208,6.86639"
"-3.19441,6.90692"
"-7.18972,6.41236"
"-5.76969,7.27017"
"-4.67354,6.57717"
"-0.510635,4.59336"
"-4.38022,6.30432"
"-4.4957,4.14621"
"-0.582127,5.91519"
"-3.84344,6.50285"
"-4.62244,7.04418"
"-0.89065,5.27981"
"-4.33255,6.54469"
"-2.58327,6.6747"
"-5.495,8.30654"
"-6.65574,6.75714"
"9.13833,-9.49703"
"8.5654,-9.54005"
"8.7255,-9.48038"
"10.0976,-9.54835"
"8.86494,-9.48796"
"10.4357,-9.55696"
"7.531,-9.46357"
"5.99445,-9.46023"
"7.52623,-9.43092"
"8.02215,-9.53464"
"8.20509,-9.53222"
"6.2165,-9.51551"
"5.4389,-9.56309"
"10.0585,-9.58988"
"6.26205,-9.50133"
"6.9109,-9.53701"
"10.6761,-9.59454"
"6.6004,-9.53615"
"6.75665,-9.5537"
"8.05098,-9.51523"
"10.9897,-9.55581"
"7.50571,-9.65848"
"8.96767,-9.52043"
"6.85012,-9.55971"
"7.76382,-9.55095"
"8.69883,-9.50302"
"8.91991,-9.45363"
"7.00929,-9.5301"
"9.56468,-9.51822"
"7.2755,-9.51541"
"7.81521,-9.57986"
"7.78153,-9.5141"
"8.26883,-9.46659"
"8.87771,-9.64848"
"8.59608,-9.58739"
"6.82854,-9.56333"
"10.8983,-9.61388"
"10.0107,-9.56005"
"8.3113,-9.64954"
"7.45467,-9.50073"
"11.008,-9.58037"
"7.99664,-9.51231"
"6.81764,-9.54235"
"8.58908,-9.417"
"8.70585,-9.48168"
"5.35879,-9.43293"
"9.70594,-9.53819"
"8.77389,-9.52453"
"11.2474,-9.57859"
"7.04611,-9.49135"
"5.10525,-9.52497"
"8.31154,-9.56105"
"7.33635,-9.48862"
"8.27643,-9.62152"
"6.11724,-9.60025"
"8.52251,-9.51638"
"10.3887,-9.48678"
"9.29166,-9.52742"
"6.88779,-9.54118"
"6.20557,-9.61913"
"9.67463,-9.59983"
"8.30965,-9.59011"
"7.2326,-9.48534"
"9.74166,-9.5229"
"5.27127,-9.58871"
"9.08558,-9.53307"
"10.4314,-9.52272"
"6.1045,-9.60938"
"6.55655,-9.50411"
"7.09067,-9.52608"
"7.63684,-9.45456"
"5.62382,-9.57879"
"7.28473,-9.47922"
"5.32568,-9.51715"
"8.90209,-9.53953"
"8.04161,-9.53031"
"8.2434,-9.54922"
"6.3693,-9.48989"
"7.19412,-9.55368"
"7.84959,-9.59269"
"6.75124,-9.57584"
"7.47971,-9.48539"
"6.34799,-9.61943"
"8.77732,-9.53685"
"6.75028,-9.60712"
"5.23878,-9.49838"
"9.87696,-9.50047"
"7.76371,-9.55791"
"8.53889,-9.47352"
"9.03322,-9.54669"
"9.5332,-9.45542"
"7.53466,-9.54082"
"9.0124,-9.59542"
"6.77841,-9.57815"
"10.8354,-9.63204"
"5.40544,-9.64277"
"6.4693,-9.55617"
"5.85736,-9.5142"
"7.96491,-9.59075"
"8.47096,-9.55417"
"10.1739,-9.56853"
"8.65956,-9.54083"
"6.60627,-9.58057"
"9.09045,-9.55526"
"6.32063,-9.49937"
"9.29402,-9.54941"
"6.56212,-9.56884"
"13.0287,-9.58307"
"6.81945,-9.5423"
"10.674,-9.64367"
"8.61687,-9.43014"
"8.17276,-9.62278"
"6.24112,-9.59519"
"6.17145,-9.56751"
"7.88357,-9.56991"
"7.03483,-9.60175"
"7.02224,-9.57608"
"8.52185,-9.63561"
"8.2627,-9.57773"
"11.1323,-9.40081"
"8.19185,-9.4899"
"8.83895,-9.66812"
"8.53554,-9.49921"
"9.38399,-9.53697"
"8.95594,-9.57171"
"9.6124,-9.59488"
"10.618,-9.46109"
"8.40628,-9.5741"
"8.80665,-9.55161"
"7.79014,-9.5869"
"7.59872,-9.57878"
"8.82792,-9.51465"
"8.64845,-9.5459"
"5.44157,-9.58759"
"8.15541,-9.43146"
"7.70629,-9.42252"
"5.54721,-9.53096"
"5.50233,-9.50345"
"9.4892,-9.40867"
"7.44266,-9.60345"
"9.28167,-9.55267"
"6.46988,-9.6168"
"9.11759,-9.50544"
"9.7984,-9.52322"
"7.13765,-9.57199"
"7.02542,-9.55546"
"9.00645,-9.60056"
"10.2067,-9.63524"
"6.50135,-9.62869"
"8.04851,-9.53046"
"8.82409,-9.55605"
"7.31137,-9.5067"
"8.40007,-9.55086"
"9.0088,-9.56926"
"8.57548,-9.52777"
"9.18538,-9.61575"
"9.4075,-9.5199"
"5.9665,-9.57075"
"9.28292,-9.6045"
"5.56238,-9.49189"
"8.29452,-9.56398"
"8.24851,-9.48887"
"6.0878,-9.51209"
"8.94347,7.1286"
"10.6744,7.78315"
"10.1262,10.6869"
"10.136,10.2451"
"8.94837,8.32436"
"10.2897,9.43224"
"9.94323,6.83836"
"9.94698,6.41945"
"9.99912,10.1718"
"9.28735,6.8705"
"10.2448,6.23458"
"9.83,6.18314"
"10.1885,6.59662"
"10.3152,9.16582"
"9.28227,7.81073"
"9.72692,10.3232"
"10.1928,8.49925"
"9.22636,9.01964"
"10.222,7.5501"
"9.15468,8.0885"
"9.9599,9.20611"
"8.96239,8.97452"
"9.60083,6.07342"
"9.84655,7.88418"
"9.2348,7.9534"
"9.39977,9.12836"
"9.36958,7.45595"
"9.58332,7.11989"
"9.17867,9.7467"
"9.56463,10.7753"
"9.98299,7.25079"
"10.3784,9.05516"
"9.52699,10.4051"
"10.6253,8.55312"
"10.1614,7.71125"
"8.92036,9.31002"
"9.64308,7.85491"
"9.79449,7.49084"
"9.75958,7.57179"
"9.68493,8.60934"
"9.69227,7.27657"
"9.91217,9.66764"
"9.71173,8.26658"
"10.5425,10.2704"
"9.65456,10.3635"
"9.82286,10.4565"
"10.7458,11.2022"
"9.32253,8.17991"
"9.1366,7.8532"
"9.37518,6.2043"
"9.74874,10.538"
"9.45396,7.35887"
"10.5855,10.4217"
"10.3588,8.47641"
"9.47797,7.02599"
"9.19898,10.3108"
"10.0091,9.33208"
"10.2055,7.76693"
"9.76452,6.84761"
"9.88281,8.82896"
"9.65221,7.28843"
"9.99804,7.24786"
"9.80347,8.87524"
"9.16718,7.89491"
"10.2461,7.27192"
"10.0896,8.97452"
"9.98944,8.17826"
"9.84073,8.52813"
"9.53612,6.62559"
"10.2185,9.23945"
"9.81318,10.0059"
"9.15694,6.78766"
"9.74619,9.86124"
"10.6358,6.90505"
"9.83166,9.70624"
"9.53074,6.31621"
"10.1242,10.9179"
"10.1782,11.6065"
"9.36869,8.06619"
"10.498,5.22086"
"9.62391,7.81105"
"10.7087,6.35467"
"9.19199,8.56433"
"9.90036,8.27752"
"9.71486,9.41515"
"9.17343,9.29815"
"9.20199,6.9544"
"10.5059,9.14957"
"8.62486,9.19764"
"10.423,9.42158"
"9.94154,8.10148"
"10.783,10.4356"
"9.9933,9.54175"
"9.41067,8.35359"
"8.93074,9.16048"
"9.2923,9.37389"
"9.7368,7.89516"
"9.66438,8.25617"
"8.80909,5.43137"
"8.80173,6.34225"
"10.5627,10.2059"
"9.23997,8.92357"
"9.58104,5.30688"
"9.0584,8.53295"
"9.41615,8.89058"
"10.3528,9.93625"
"9.60764,6.71089"
"10.3827,9.81526"
"9.9677,8.55622"
"9.68859,9.0838"
"9.85601,8.13993"
"9.51399,6.22931"
"10.2003,9.15632"
"9.1488,10.0258"
"10.27,7.45489"
"10.4422,7.92966"
"10.1002,8.73933"
"9.60111,9.50177"
"9.45458,7.81726"
"10.683,10.8847"
"9.88195,7.63432"
"9.90238,9.47214"
"9.37084,6.02285"
"9.92264,9.02496"
"10.5989,9.2477"
"9.50288,10.4304"
"9.61457,9.06891"
"10.7583,6.05437"
"10.0067,7.52761"
"9.95357,6.7338"
"10.1415,6.64785"
"9.43486,7.5202"
"9.62709,7.38543"
"9.4099,8.23846"
"10.3303,8.79908"
"9.58796,6.93887"
"8.93364,8.97529"
"10.0958,5.2476"
"10.4822,5.43369"
"9.49244,8.71803"
"9.95101,7.44607"
"9.93688,9.38441"
"9.48846,10.3425"
"9.99423,7.75765"
"9.40411,10.1962"
"10.1332,12.2038"
"10.0291,7.24715"
"10.1314,7.1216"
"9.56988,11.6869"
"9.77491,6.80254"
"10.8239,7.60976"
"9.87782,7.15368"
"9.13082,6.26861"
"10.1979,7.76389"
"10.2185,10.9808"
"9.93894,8.30381"
"9.85866,7.08444"
"10.179,5.92813"
"10.588,10.4945"
"11.1018,8.95216"
"9.50915,6.04393"
"9.76182,8.48365"
"10.1352,10.8002"
"9.69416,9.0377"
"9.16646,6.8376"
"10.2547,9.08907"
"9.42109,8.96735"
"9.58335,7.70312"
"9.20872,5.39366"
"10.0547,7.48938"
"10.1731,10.1812"
"10.2339,9.63463"
"9.67228,9.61072"
"9.93256,8.17196"
"9.53075,10.3698"
"9.92514,9.49527"
"9.92318,6.92526"
"9.42882,8.88708"
"9.82921,11.679"
"9.87278,8.58301"
"10.0882,11.6385"
"9.06601,11.2414"
"9.96015,9.97211"
"8.85251,8.43177"
"9.41897,6.24278"
"9.65406,10.5955"
"10.5845,9.31767"
"9.31336,6.99912"
"9.78463,6.41257"
"9.20044,7.10471"
"9.39269,6.69293"
"9.52384,7.62166"
"9.56208,8.36375"
"10.7177,8.34112"
"9.88685,9.09614"
"9.09704,9.55497"
"10.4245,10.6832"
"9.21783,6.04674"
"11.0995,9.65196"
"9.73278,6.99635"
"9.41712,7.42714"
"9.90811,8.93467"
"9.35915,8.33908"
"9.19854,7.89726"
"10.079,9.43819"
"9.88915,9.0229"
"10.1235,7.8932"
"10.2143,8.83963"
"10.3752,9.25921"
"10.1113,8.62545"
"10.6473,7.82794"
"9.67212,8.51062"
"9.24137,7.09867"
"10.4198,6.10079"
"10.3117,7.47127"
"10.3182,7.01859"
"10.0975,9.35511"
"10.1439,8.26945"
"8.94056,7.96784"
"9.41074,8.64613"
"9.34559,10.5094"
"9.74947,9.28961"
"8.71293,8.36562"
"10.1923,9.93066"
"9.05742,6.31666"
"10.442,10.5449"
"9.2755,8.58192"
"9.6852,7.94201"
"9.93993,6.00831"
"9.39995,9.19681"
"10.4612,7.91516"
"9.90364,8.57395"
"10.2762,7.86351"
"9.43045,8.64964"
"9.20818,9.78673"
"9.79315,9.7436"
"10.4936,7.01892"
"10.1804,7.05742"
"9.65048,7.33527"
"9.81404,9.45501"
"10.8416,2.99257"
"9.80025,7.59246"
"9.9722,6.36908"
"9.52804,9.10054"
"10.6385,7.47172"
"9.35589,7.43589"
"10.4377,8.13028"
"9.40748,5.61664"
"9.86811,9.84376"
"8.91756,9.54405"
"9.28167,10.3021"
"9.88116,6.79943"
"9.08096,7.70988"
"9.54205,8.00123"
"9.83187,6.87779"
"9.83446,4.33052"
"9.6568,7.15406"
"10.0294,8.43966"
"9.20752,7.7319"
"10.3503,5.91114"
"8.58159,6.01403"
"10.591,10.884"
"10.474,9.91203"
"10.0915,9.34923"
"10.4425,9.58941"
"9.98532,9.56179"
"9.11947,9.43136"
"9.8951,8.69263"
"9.21933,5.64726"
"10.0395,5.63987"
"10.1519,7.7126"
"10.0699,10.0831"
"9.9136,8.16996"
"10.4027,9.11604"
"9.7871,8.86185"
"10.4165,8.16233"
"9.23146,7.70081"
"9.42203,6.88408"
"10.1531,8.86623"
"10.038,9.81189"
"9.91261,10.2624"
"9.99715,10.169"
"9.68191,8.9457"
"10.3149,9.78193"
"9.52161,8.20357"
"10.7341,7.19677"
"9.17612,7.88458"
"9.46774,10.7674"
"9.69969,9.03197"
"9.64202,8.76643"
"9.79515,7.0613"
"9.49127,8.14829"
"9.00719,8.6896"
"9.85026,10.402"
"10.279,10.9947"
"9.62436,7.8763"
"9.48486,6.9306"
"9.8775,7.09405"
"9.7497,8.29366"
"9.77732,9.81724"
"9.8159,11.4931"
"10.6926,8.68421"
"9.79363,9.15634"
"9.82412,9.3856"
"9.59705,8.38532"
"9.40173,8.93565"
"9.3077,6.83129"
"9.86429,5.96997"
"9.11097,7.60878"
"10.3279,8.61297"
"9.85338,7.64912"
"9.7467,9.61826"
"10.5614,10.4613"
"9.85712,8.32962"
"10.6313,7.47421"
"9.73965,6.39362"
"10.3375,8.89346"
"10.8609,7.35027"
"9.75631,10.5754"
"10.9964,6.46932"
"9.78147,8.15822"
"9.82231,6.565"
"10.1479,10.3021"
"9.35277,4.26836"
"10.3626,6.65629"
"9.89435,7.94528"
"9.48289,5.53613"
"9.73444,6.20649"
"8.9769,5.70488"
"9.99189,10.1738"
"9.66045,8.54137"
"8.91962,9.049"
"9.38449,7.30694"
"9.5734,10.397"
"10.0553,6.79228"
"9.09488,9.73997"
"10.2191,10.0894"
"9.94503,8.46913"
"9.74004,10.2921"
"10.2834,10.989"
"9.38793,7.06313"
"9.82962,9.59616"
"9.10807,8.20743"
"9.519,7.08002"
"9.08852,9.04278"
"10.1115,8.74661"
"9.76993,10.9145"
"10.2283,9.84118"
"8.8781,6.94789"
"9.75958,9.77586"
"9.48211,5.03578"
"9.35122,4.28707"
"9.82771,6.62378"
"9.66978,9.21632"
"9.51759,7.72865"
"9.29851,4.64757"
"10.2181,9.97342"
"10.129,9.59916"
"9.16789,9.55319"
"10.1732,8.94677"
"9.98863,5.43667"
"10.7763,6.95496"
"10.4047,6.59978"
"9.74243,8.70726"
"9.09416,6.9695"
"10.1166,9.05826"
"10.3724,10.681"
"9.70327,9.62667"
"10.2973,8.03019"
"9.11781,5.89836"
"8.97398,8.04959"
"9.36257,8.34196"
"9.98865,10.6088"
"9.52974,10.0668"
"9.67836,8.17946"
"9.8003,9.66126"
"10.9328,7.3539"
"9.38004,7.3308"
"9.57654,7.33705"
"9.57841,7.31921"
"9.74798,10.2071"
"10.2355,8.66046"
"9.99082,9.4353"
"10.223,9.95556"
"9.49777,8.44031"
"9.9195,9.41087"
"10.0391,9.49615"
"9.94006,6.73474"
"9.74543,8.27205"
"9.63741,8.32974"
"9.43052,8.44074"
"9.04315,7.27064"
"9.19512,8.2626"
"10.5209,8.59482"
"9.81514,9.04897"
"9.87799,8.83432"
"9.42425,9.81587"
"9.795,11.956"
"9.93418,7.34252"
"9.73711,11.2192"
"9.69469,8.28746"
"10.472,8.45615"
"10.4777,10.2975"
"9.54694,6.88519"
"10.0125,9.02395"
"10.0279,8.31633"
"9.19892,10.3106"
"9.18791,5.16037"
"10.3404,8.31657"
"9.83423,8.32857"
"9.09273,7.88937"
"9.33578,8.77496"
"9.39973,8.48711"
"8.9368,11.1316"
"10.2313,7.22285"
"9.44623,6.91759"
"9.95594,8.21864"
"10.4434,9.91283"
"9.914,7.71692"
"10.1926,7.17998"
"9.96101,8.20556"
"9.92103,8.62864"
"10.062,9.27734"
"9.79956,7.21782"
"9.98561,9.41635"
"9.94758,11.0633"
"10.3106,11.8424"
"9.2256,6.23915"
"9.32069,8.32682"
"9.90011,7.48908"
"9.57072,9.0432"
"10.0219,9.47688"
"8.79662,11.7695"
"9.85021,8.75936"
"10.3347,6.99593"
"10.1952,9.57467"
"9.88369,10.3233"
"9.30863,6.65318"
"-6.93952,2.4307"
"-11.8071,2.57979"
"-6.26708,2.69363"
"-0.192781,2.86192"
"-5.69995,2.36648"
"-9.43628,3.0328"
"-10.7425,3.46268"
"-8.38422,3.07693"
"-14.6775,3.18684"
"-12.923,2.93355"
"-9.49561,3.13667"
"-2.54096,2.93324"
"-19.5,2.67944"
"-6.67194,2.84417"
"-12.6115,3.12381"
"-7.61756,3.16951"
"-8.3628,2.88585"
"-1.17589,3.25208"
"-0.83599,1.9769"
"-8.50957,3.42984"
"-16.4969,2.93851"
"-16.5383,3.05373"
"-1.41897,3.28345"
"0.568115,2.42568"
"-8.58051,3.20575"
"-18.0248,2.49608"
"-7.92635,3.14563"
"0.203645,2.11542"
"-6.5996,3.16489"
"-5.17353,2.64064"
"-15.2219,3.16883"
"-7.66036,3.20373"
"-5.06266,3.12286"
"-8.47404,2.43766"
"-2.95354,2.9171"
"-10.8371,2.75094"
"-13.3498,2.42992"
"-12.5058,2.50879"
"-4.6561,3.46275"
"-12.6187,2.40281"
"-10.5591,2.63731"
"-22.1126,3.1146"
"-5.79268,3.01277"
"-10.0451,2.89354"
"-1.46037,2.94468"
"-14.4474,2.33002"
"-13.6054,2.74251"
"-9.30654,2.52713"
"-14.6572,3.18267"
"-4.79459,2.61129"
"-18.2891,3.14527"
"-11.6596,3.2789"
"-9.78637,3.49751"
"-11.5764,2.84902"
"-8.90991,2.41688"
"-15.7826,2.61107"
"-12.4675,3.26884"
"-6.05535,2.85523"
"-12.6031,2.82898"
"-8.11976,2.79733"
"-5.98437,3.35509"
"2.05825,2.58042"
"-7.73966,2.77982"
"-9.31352,3.21067"
"-3.22547,2.82846"
"-11.5273,3.04343"
"-10.2464,3.02588"
"-18.5708,2.93559"
"-4.78812,2.87392"
"-12.9888,3.42752"
"-3.90387,2.84406"
"-12.2978,2.29004"
"-8.46711,2.90922"
"-19.6243,1.75615"
"-12.7861,3.81488"
"-11.9119,3.17035"
"-11.1387,3.16251"
"-6.19012,2.42769"
"-7.56406,3.17486"
"-7.57704,2.59718"
"-2.73137,2.93073"
"-7.5506,3.02687"
"-8.44388,2.57489"
"-6.50001,3.10827"
"-11.3587,2.48748"
"-6.13864,2.5672"
"-8.45265,4.11887"
"3.54997,3.87111"
"-14.5076,3.16647"
"-8.68232,3.12542"
"-10.0679,1.89439"
"-8.38145,3.10366"
"-14.5764,3.3162"
"-2.67474,3.13477"
"-27.6319,2.039"
"-7.25764,3.18998"
"-2.9705,3.08045"
"-13.1509,2.93738"
"-14.2464,3.01502"
"-0.939532,2.3912"
"-7.30692,2.16518"
"-13.1238,3.40631"
"-11.1844,2.84448"
"-11.6232,3.29202"
"-17.089,2.68612"
"-11.7718,2.81409"
"-9.54024,2.99462"
"-10.1258,2.78193"
"-0.522605,3.005"
"-11.8501,2.94187"
"-11.3211,2.65844"
"-8.69524,3.02367"
"-15.7517,1.78992"
"0.54833,3.62735"
"-5.54226,2.69767"
"4.19434,2.43407"
"-10.3588,2.35902"
"-14.7426,3.22025"
"-0.0376362,2.50337"
"-7.72507,3.06945"
"-13.9482,2.56634"
"-9.55167,2.84097"
"-10.3741,3.07915"
"-1.17654,2.96712"
"-5.96522,3.05261"
"-14.4437,3.28483"
"-11.1616,2.49275"
"-3.5439,2.39307"
"-8.40979,2.96354"
"-6.64874,2.69971"
"-17.5255,2.51177"
"-23.0792,2.72206"
"-12.6986,2.84185"
"-9.85533,2.85073"
"-3.62948,3.62523"
"-4.47421,2.97474"
"-17.0337,2.71382"
"-8.71266,3.12752"
"-10.4203,2.71947"
"-11.015,2.56057"
"-7.2869,2.75793"
"-18.0426,3.25104"
"-13.5571,2.62827"
"-13.3292,2.85847"
"-9.62596,2.98091"
"-4.10414,3.38436"
"-11.3476,2.32195"
"-4.48342,2.76289"
"-16.4095,3.0208"
"-5.14804,2.87276"
"-12.8322,1.98709"
"-16.291,2.62111"
"-14.2707,3.32256"
"-3.73909,2.99854"
"-11.9942,3.18331"
"-17.9865,3.35351"
"-9.76121,3.11749"
"-8.94355,3.09776"
"-2.47862,2.69311"
"-7.25415,2.55067"
"-5.78589,2.61411"
"-14.5314,2.86432"
"-11.7363,3.47037"
"-10.8678,3.23613"
"-8.02252,2.82355"
"-11.8392,2.70209"
"-13.4266,2.60712"
"-0.60925,3.01649"
"-8.642,3.18268"
"-10.2332,3.20244"
"-7.58112,2.89343"
"-13.821,2.271"
"-16.4019,1.90112"
"-9.96571,3.12967"
"-10.6168,3.18539"
"-10.5471,2.75827"
"-12.8325,3.90596"
"-11.9973,3.12305"
"-9.60549,2.85864"
"-11.3951,2.77744"
"-6.69803,3.16255"
"-12.4385,3.77476"
"-11.2325,2.64103"
"-4.52042,3.15363"
"-19.5362,3.12894"
"-16.7854,2.47117"
"-10.6415,2.71559"
"-11.2839,2.53282"
"-6.08005,2.96958"
"-1.54075,2.60437"
"4.56679,2.24658"
"-15.5921,2.27044"
"-10.7397,3.00651"
"-2.81801,2.05033"
"-8.74584,3.53522"
"-6.24647,3.15146"
"-11.9958,2.49545"
"-1.78727,3.09902"
"-14.8036,2.61661"
"-9.90199,2.79811"
"-2.24233,2.80218"
"-17.7536,3.23739"
"-5.84458,2.84217"
"-11.0162,2.48143"
"-17.0518,2.68946"
"-9.36965,3.08538"
"-6.21599,2.89482"
"-10.3129,2.99038"
"-4.51269,2.84133"
"-16.8609,3.41286"
"-20.3756,3.64837"
"-8.6325,2.71305"
"-13.1034,3.46943"
"-7.1213,2.76935"
"-13.7208,3.58719"
"-7.71534,2.24353"
"-5.00815,2.71387"
"-9.11977,3.23655"
"-2.11708,3.2759"
"0.606028,3.33357"
"-11.6042,2.79095"
"-0.480287,2.84181"
"-8.94577,3.02244"
"-22.3101,3.8991"
"-6.10867,2.74112"
"-16.1393,2.95223"
"-15.672,3.05318"
"-14.4172,2.94093"
"-11.2043,2.33111"
"-12.6394,2.74665"
"-14.5097,3.1248"
"-4.75797,2.86907"
"-12.8226,2.57321"
"-11.9774,1.42101"
"0.36566,2.79838"
"-9.03704,2.64184"
"-14.897,2.7739"
"-11.1116,3.26634"
"-13.3321,3.31567"
"-12.7009,2.85986"
"-9.07787,2.96495"
"-1.72189,2.72388"
"-21.3732,1.97453"
"-6.03037,3.04827"
"2.33198,2.93794"
"-7.31006,3.01476"
"-13.1884,2.78585"
"-11.1964,2.76744"
"-5.48927,2.66813"
"-16.3418,2.42981"
"-1.55966,2.00366"
"-14.5184,3.04789"
"-10.9708,2.96252"
"-12.4113,2.12157"
"-0.894232,2.60348"
"-10.0103,2.98118"
"-7.95738,2.69121"
"-9.82352,2.42893"
"2.33668,2.66808"
"-4.80252,2.8248"
"-11.6139,3.49372"
"-2.49521,2.59187"
"-11.6749,2.80587"
"-8.98516,2.34695"
"-9.89985,2.53793"
"-6.62632,2.90575"
"-6.65126,2.32674"
"-1.62723,2.79409"
"-5.43311,2.33973"
"-2.99093,2.975"
"-7.32537,3.30683"
"-12.0564,3.35117"
"-10.5105,2.68896"
"-0.79769,2.55059"
"-16.0172,3.22214"
"-4.80532,3.2589"
"-9.94953,2.73078"
"-11.0092,3.63754"
"-10.6619,2.57002"
"-16.4636,3.20168"
"-15.0032,2.95716"
"-8.71045,2.91432"
"-9.17801,3.07023"
"-21.4981,2.75827"
"-3.41256,2.82221"
"-2.63496,3.14674"
"-14.318,2.733"
"-6.50734,3.15608"
"-10.346,2.7564"
"-9.69395,2.95721"
"-9.31355,2.55708"
"-3.65216,2.92997"
"-7.29834,2.29357"
"-14.6262,2.74499"
"-12.9847,3.65774"
"3.45793,3.04038"
"-18.9264,2.96585"
"-17.3258,2.66584"
"-10.3354,3.08497"
"-8.25143,3.16763"
"-12.1559,3.29276"
"1.60039,2.75082"
"0.403133,3.11177"
"-15.9381,3.01899"
"-16.1017,2.83583"
"-17.9989,2.79977"
"-9.81705,2.49692"
"-12.5254,2.07235"
"-7.36772,2.5368"
"-15.9165,2.5155"
"-4.18314,3.16883"
"-5.71076,2.71062"
"-17.4336,2.99149"
"-9.32278,2.60546"
"0.252867,3.05696"
"-9.56536,2.4983"
"-0.589121,2.95428"
"-7.37368,2.79812"
"-11.4111,2.63924"
"-10.896,2.29729"
"-15.5597,3.69292"
"-11.798,2.87883"
"-22.3537,3.69031"
"-11.1209,3.05915"
"-13.0559,2.53745"
"-8.03186,2.59573"
"-0.863922,2.29489"
"-8.26047,3.11846"
"-4.48837,2.79852"
"-8.58483,2.42117"
"-4.23369,3.34959"
"-15.333,3.17899"
"-3.99826,2.6091"
"-5.82146,2.46474"
"-2.38372,2.70053"
"-12.1673,1.62804"
"-8.2089,2.54859"
"-10.0219,2.98128"
"-15.8871,2.22699"
"-1.3334,2.43856"
"-0.365875,2.89543"
"-8.3718,3.26609"
"-5.93385,2.71325"
"-11.5753,3.04224"
"-8.10779,1.1462"
"-6.61766,0.713822"
"-8.79149,1.00137"
"-8.56031,0.84683"
"-11.5391,1.18665"
"-7.62379,1.22604"
"-6.83302,0.878437"
"-7.20548,0.600451"
"-8.15533,1.05294"
"-10.7376,0.70858"
"-4.8684,0.777052"
"-5.20247,1.02966"
"-9.42425,0.836755"
"-10.5592,0.810199"
"-7.27047,0.623944"
"-9.40645,0.776879"
"-8.69771,0.756098"
"-9.15669,1.03672"
"-9.67327,0.682807"
"-7.08509,1.0892"
"-9.96918,0.81173"
"-7.45178,0.78971"
"-10.497,0.854782"
"-7.88325,1.06351"
"-10.2586,0.821792"
"-10.4893,0.929612"
"-9.70754,0.875346"
"-4.88197,0.934985"
"-9.07146,0.868781"
"-7.32632,1.01974"
"-9.69654,1.03048"
"-7.26948,0.894395"
"-11.3988,0.877236"
"-10.305,0.959406"
"-8.56613,0.882919"
"-10.6838,0.679543"
"-10.5243,1.05599"
"-8.75381,0.81113"
"-10.4828,1.04386"
"-9.5069,0.905722"
"-9.89012,0.970143"
"-9.10588,1.05564"
"-10.0609,0.879886"
"-6.90589,0.874306"
"-9.99378,0.918503"
"-8.13158,0.946262"
"-9.67502,1.03486"
"-9.08409,0.927221"
"-9.2277,0.90974"
"-9.69006,0.784283"
"-8.37735,0.761789"
"-6.65562,1.11314"
"-9.90969,0.883991"
"-8.59635,0.956709"
"-8.63102,0.979706"
"-7.74038,0.849302"
"-9.574,0.805049"
"-8.08567,0.928351"
"-9.15683,0.757948"
"-11.1297,0.995758"
"-5.47389,1.06048"
"-7.81287,0.851268"
"-7.57713,0.979776"
"-7.07761,1.11674"
"-9.49934,0.951897"
"-10.8481,0.879162"
"-11.0887,0.962584"
"-7.99736,0.673922"
"-9.22804,0.950156"
"-10.6898,0.863308"
"-6.8761,0.845769"
"-9.61065,0.853587"
"-9.26069,0.840609"
"-8.82919,0.900134"
"-9.7275,0.654425"
"-9.85647,0.847655"
"-9.76899,0.809243"
"-8.90284,0.759377"
"-7.20535,0.872061"
"-8.69588,1.15508"
"-8.93677,1.01183"
"-10.0457,0.779681"
"-6.41379,1.0142"
"-7.60635,1.1006"
"-8.95778,0.774331"
"-10.1568,0.819905"
"-8.48416,0.97226"
"-9.80912,1.00779"
"-7.43389,0.94049"
"-7.20518,0.997351"
"-8.85077,0.819689"
"-10.3256,0.990856"
"-8.02134,0.836808"
"-9.88884,1.12891"
"-11.6485,0.899655"
"-7.18669,0.686895"
"-8.85969,0.800197"
"-4.8151,0.974161"
"-10.5393,0.688187"
"-9.28316,0.83433"
"-9.21043,0.823728"
"-8.94778,0.961681"
"-8.20068,0.885754"
"-10.0858,0.868201"
"-8.03918,0.893978"
"-8.92453,0.998603"
"-8.71969,0.853823"
"-7.63315,0.86879"
"-8.22654,0.799614"
"-7.66958,0.912163"
"-7.94554,0.969647"
"-8.15129,0.861517"
"-9.96297,0.777173"
"-7.49282,1.03814"
"-8.70026,0.820295"
"-9.24375,1.03088"
"-8.44885,0.716113"
"-8.78242,0.873368"
"-10.514,1.0999"
"-7.97164,0.983052"
"-11.3598,0.845655"
"-8.75833,0.695331"
"-9.57331,0.702379"
"-11.683,1.02819"
"-6.83527,0.686071"
"-9.51394,0.748024"
"-10.9162,0.790217"
"-9.42809,1.00112"
"-10.5099,0.78345"
"-9.86316,0.751618"
"-7.60847,0.950671"
"-6.54019,0.732766"
"-9.07261,0.654444"
"-9.21835,0.833836"
"-10.3572,0.827794"
"-11.4493,1.01262"
"-8.46857,0.882688"
"-9.61239,0.691447"
"-8.70879,0.918169"
"-10.4899,0.917478"
"-8.0579,0.98222"
"-8.96601,1.05724"
"-9.11456,1.16705"
"-8.62251,0.918106"
"-8.2982,1.09909"
"-9.65735,0.781169"
"-7.20106,0.586992"
"-7.89038,0.92692"
"-9.12478,0.912095"
"-9.02736,0.88229"
"-11.0034,0.959611"
"-7.5114,0.926663"
"-6.87533,0.889119"
"-10.9989,0.732771"
"-8.52019,0.728177"
"-9.07363,0.884548"
"-9.85336,0.798609"
"-9.42202,0.709713"
"-9.22559,0.979991"
"-6.90394,0.819062"
"-10.9427,0.952292"
"-8.73123,0.770917"
"-7.8278,1.01624"
"-10.2701,0.663099"
"-12.2544,1.00077"
"-7.44862,0.779011"
"-8.90603,0.964528"
"-11.1896,1.1815"
"-9.27593,0.864751"
"-9.09084,0.750639"
"-11.3565,0.949457"
"-9.22545,0.931888"
"-7.21769,1.0855"
"-9.86686,0.727383"
"-8.48015,1.10992"
"-9.15997,0.839765"
"-10.5081,0.887609"
"-8.84243,0.958988"
"-9.55155,0.727081"
"-10.8902,1.01369"
"-9.38815,0.726041"
"-10.7478,0.966239"
"-7.10157,0.970491"
"-8.23872,0.902114"
"-5.81252,0.987855"
"-9.0288,0.699523"
"-8.88791,0.784139"
"-10.2225,0.717147"
"-11.6127,0.878277"
"-6.12741,1.02622"
"-8.75986,0.690897"
"-8.04833,0.96781"
"-9.39915,0.723166"
"-8.62772,0.856827"
"-8.52043,0.908195"
"-8.24454,0.76704"
"-6.49321,0.826556"
"-10.7405,1.10365"
"-12.0809,0.787774"
"-11.6478,1.115"
"-8.1775,0.951185"
"-7.69215,1.09661"
"-9.23796,0.944848"
"-9.68651,0.847103"
"-7.90697,0.847914"
"-8.31094,0.959366"
"-8.95352,0.802794"
"-8.48179,0.835375"
"-8.44194,0.954122"
"-9.53134,1.03212"
"-8.44275,0.868168"
"-10.4322,0.784936"
"-10.8933,1.1086"
"-7.90151,1.07534"
"-6.32587,1.2145"
"-8.95509,0.939899"
"-7.50982,0.979538"
"-7.36375,0.953791"
"-7.60984,0.855588"
"-9.22475,1.03156"
"-7.42604,0.881118"
"-8.82215,1.06978"
"-11.1352,0.744051"
"-9.21855,0.873091"
"-9.58113,0.856825"
"-7.4862,0.79666"
"-8.57907,1.11466"
"-10.1392,0.681374"
"-8.77847,1.02899"
"-12.6334,0.75443"
"-7.68724,0.911996"
"-10.4785,0.823532"
"-10.1869,1.01491"
"-9.30914,0.902347"
"-6.31158,0.934965"
"-10.731,0.976789"
"-10.865,0.853823"
"-9.1727,0.814029"
"-9.20884,0.888181"
"-9.36827,0.904545"
"-8.56911,0.965683"
"-10.9031,0.935726"
"-7.60834,0.956996"
"-12.142,1.02238"
"-8.77271,0.890369"
"-7.86804,0.849182"
"-12.1822,0.865545"
"-8.36306,0.909673"
"-9.79265,0.824085"
"-8.79282,0.729875"
"-8.13318,1.07226"
"-8.506,0.655678"
"-9.09601,1.0015"
"-11.3744,1.01383"
"-7.02659,1.18744"
"-8.19511,0.986649"
"-8.26501,0.971777"
"-7.41644,1.012"
"-7.4558,0.926871"
"-10.1709,0.752368"
"-8.15445,1.18372"
"-10.7222,0.871396"
"-10.2011,0.873398"
"-8.30628,0.853628"
"-9.04403,0.847084"
"-9.26217,0.946793"
"-9.91102,0.847325"
"-8.48546,0.668799"
"-7.81978,0.679469"
"-10.4429,1.1011"
"-8.06987,1.0239"
"-9.81326,1.08468"
"-7.40444,1.00712"
"-7.108,0.704793"
"-10.6037,0.88008"
"-9.03281,0.95103"
"-8.29196,0.969247"
"-6.58633,1.00452"
"-10.9338,0.757826"
"-7.30834,0.817892"
"-8.37069,0.76072"
"-7.04351,0.712016"
"-10.256,0.692976"
"-10.4767,0.700787"
"-8.52324,0.921797"
"-7.80367,0.915142"
"-8.64874,0.963068"
"-9.77292,0.817553"
"-8.56259,0.707969"
"-10.2922,1.01197"
"-8.74538,1.04856"
"-11.3725,0.909772"
"-10.9591,0.96227"
"-8.83831,0.941205"
"-6.65517,0.891653"
"-9.37486,0.805499"
"-7.8264,0.900644"
"-12.5017,0.8267"
"-6.71625,0.733637"
"-9.98855,0.685448"
"-7.58541,0.883909"
"-9.64824,0.894533"
"-10.1075,0.941792"
"-9.98959,1.14198"
"-10.2743,0.88271"
"-9.86966,0.979922"
"-8.46237,0.784825"
"-7.57355,0.740188"
"-8.14761,1.02916"
"-9.97409,1.21883"
"-7.58321,0.831129"
"-8.22438,1.15379"
"-5.88104,0.763101"
"-8.07307,0.840023"
"-5.35543,0.911343"
"-9.83505,1.04586"
"-8.38422,0.738113"
"-10.3321,1.06756"
"-9.09854,0.875536"
"-10.3681,0.813744"
"-9.69371,0.953535"
"-8.6383,0.789225"
"-2.50689,-0.496982"
"-2.07747,-0.441496"
"-2.61378,-0.642413"
"-2.16574,-0.558891"
"-2.31976,-0.851906"
"-2.3786,-0.0720423"
"-2.79003,-0.347281"
"-2.46342,-0.776678"
"-2.52,-0.655816"
"-2.3859,-0.129449"
"-2.76092,-0.592289"
"-2.48204,-0.706019"
"-2.46449,-0.504238"
"-2.25733,-0.540888"
"-2.60901,-0.447922"
"-2.47204,-0.642475"
"-2.40528,-0.631327"
"-2.30593,-0.333689"
"-2.71357,-0.792644"
"-2.36433,-1.04337"
"-2.60376,-0.527289"
"-2.20151,-0.467414"
"-2.65768,-0.73235"
"-2.37973,-0.524932"
"-2.51617,-0.392487"
"-2.41271,-0.602414"
"-2.15442,-0.684463"
"-2.5398,-0.47918"
"-2.28212,-0.621685"
"-2.32414,-0.555195"
"-2.62902,-0.497992"
"-2.39807,-0.853696"
"-2.18398,-0.325076"
"-2.60833,-0.544277"
"-2.22781,-0.643891"
"-2.57154,-0.866758"
"-2.08316,-0.758479"
"-2.21289,-0.444812"
"-2.29627,-0.680425"
"-2.42843,-0.273035"
"-2.49761,-1.11341"
"-2.67936,-0.585585"
"-2.58111,-0.464114"
"-2.32024,-0.500227"
"-2.3171,-0.713561"
"-2.28234,-0.632412"
"-2.46129,-0.560718"
"-2.41945,-0.137709"
"-2.2247,-0.556114"
"-2.5863,-0.0767078"
"-2.65482,-0.476726"
"-2.29912,-0.3578"
"-2.48852,-0.81217"
"-2.25165,-0.79324"
"-2.06326,-0.567193"
"-2.4636,-0.493642"
"-2.52224,-0.576385"
"-2.39045,-0.635907"
"-2.23625,-0.267556"
"-2.16455,-0.711779"
"-2.02637,-0.492526"
"-2.45258,-0.707229"
"-2.09303,-0.18696"
"-2.50879,-0.586741"
"-2.54448,-0.505341"
"-2.30287,-0.512402"
"-2.25772,-0.50018"
"-2.16564,-0.417124"
"-2.30335,-0.465799"
"-2.55379,-0.436111"
"-2.67533,-0.486521"
"-2.4677,-0.746559"
"-2.38971,-0.274701"
"-2.2419,-0.493199"
"-2.26392,-0.351766"
"-2.438,-0.094951"
"-2.66222,-0.786086"
"-2.24889,-0.474735"
"-2.39452,-0.602438"
"-2.05876,-0.870345"
"-2.52148,-0.567552"
"-2.51641,-0.466235"
"-2.09688,-0.507023"
"-2.25157,-0.281712"
"-2.32607,-0.321544"
"-2.10987,-0.569372"
"-2.45361,-0.616791"
"-2.4547,-0.512156"
"-2.23773,-0.626259"
"-2.2875,-0.477687"
"-2.15443,-0.689702"
"-2.32477,-0.247347"
"-2.4364,-0.390343"
"-2.39712,-0.529271"
"-2.50938,-0.345546"
"-2.2258,-0.529919"
"-2.23891,-0.615356"
"-2.17155,-0.343416"
"-2.55033,-0.341289"
"-2.3898,-0.516364"
"-2.39707,-0.229199"
"-2.39502,-0.609139"
"-2.25546,-0.584926"
"-2.33472,-0.229544"
"-2.28927,-0.404981"
"-2.25224,-0.428334"
"-2.28452,-0.914464"
"-2.23817,-0.582951"
"-2.52258,-0.687355"
"-2.52742,-0.513067"
"-2.13555,-0.559867"
"-2.31506,-0.537766"
"-2.32337,-0.551236"
"-2.22872,-0.408385"
"-2.19854,-0.482599"
"-2.83607,-0.750357"
"-2.35227,-0.733427"
"-2.00325,-0.512107"
"-2.3115,-0.696839"
"-2.26845,-0.995304"
"-2.3162,-0.319567"
"-2.41485,-0.362541"
"-2.30888,-0.533637"
"-2.42123,-0.298518"
"-2.59378,-0.332454"
"-2.50954,-0.248257"
"-2.25811,-0.663706"
"-2.7143,-0.413445"
"-2.17472,-0.791754"
"-2.61887,-0.720725"
"-2.39218,-0.541666"
"-2.42772,-0.417456"
"-2.88816,-0.94661"
"-2.35804,-0.632926"
"-2.41562,-0.764086"
"-2.63251,-0.32897"
"-2.39216,-0.837777"
"-2.79247,-0.691952"
"-2.57224,-0.18498"
"-2.45783,-0.78764"
"-2.37741,-0.483493"
"-2.3409,-0.435673"
"-2.62734,-0.510599"
"-2.27934,-0.243352"
"-2.5151,-0.594959"
"-2.52171,-0.686868"
"-2.12971,-0.673202"
"-2.44675,-0.22843"
"-2.43069,-0.552399"
"-2.13977,-0.279155"
"-2.24821,-0.366239"
"-2.64503,-0.566676"
"-2.55059,-0.575919"
"-2.23961,-0.323685"
"-2.21959,-0.677311"
"-2.73157,-0.633353"
"-2.39695,-0.984641"
"-2.44162,-0.688615"
"-2.38656,-0.625145"
"-2.23725,-0.311885"
"-2.44175,-0.574994"
"-2.18463,-0.528058"
"-2.60527,-0.549069"
"-2.6521,-0.459381"
"-2.18209,-0.441851"
"-2.50143,-0.494768"
"-2.14586,-0.439637"
"-2.26443,-0.869675"
"-2.51053,-0.665032"
"-2.19596,-0.764236"
"-2.59139,-0.714533"
"-2.78161,-0.80752"
"-2.20822,-0.450464"
"-2.22236,-0.574293"
"-2.16666,-0.532392"
"-2.37583,-0.505913"
"-2.66127,-0.653326"
"-2.3221,-0.736587"
"-2.41933,-0.831256"
"-2.38784,-0.503386"
"-2.21228,-0.377728"
"-2.34765,-0.488811"
"-2.23477,-0.412653"
"-1.95333,-0.625019"
"-2.22038,-0.346512"
"-2.23891,-0.280557"
"-1.99583,-0.52523"
"-2.74283,-0.558402"
"-2.33751,-0.547996"
"-2.09778,-0.31579"
"-2.517,-0.69241"
"-2.5582,-0.580285"
"-2.39701,-0.844977"
"-2.41572,-0.314241"
"-2.26693,-0.467411"
"-2.22941,-0.649789"
"-2.33747,-0.625569"
"-2.43048,-0.442736"
"-2.29238,-0.671307"
"-9.64437,-8.41914"
"-9.20353,-10.5404"
"-10.0672,-8.08093"
"-5.94079,-11.3603"
"-8.36406,-9.07381"
"-10.7032,-7.32874"
"-7.09185,-11.1993"
"-7.03435,-11.5179"
"-9.20709,-9.77688"
"-7.42606,-10.9749"
"-8.24,-8.97267"
"-7.65631,-9.99"
"-8.75679,-9.24037"
"-8.73762,-10.5927"
"-9.69455,-7.73898"
"-9.62255,-7.61717"
"-7.69796,-11.5818"
"-8.83292,-9.29057"
"-8.40944,-8.89737"
"-9.70936,-8.18326"
"-7.79928,-9.97782"
"-6.82026,-11.4759"
"-7.91734,-10.371"
"-10.7251,-7.04754"
"-10.9172,-8.22549"
"-9.93219,-9.18015"
"-11.4666,-6.86119"
"-10.1171,-8.90854"
"-9.61392,-9.85103"
"-8.19878,-9.73569"
"-9.88382,-8.68321"
"-10.6425,-8.67945"
"-10.3381,-8.17396"
"-8.73287,-8.99918"
"-9.2927,-9.51707"
"-7.75453,-10.8875"
"-8.31449,-9.8397"
"-7.80165,-11.2809"
"-10.634,-7.39291"
"-9.55785,-9.10733"
"-8.16082,-10.2272"
"-8.56585,-9.92654"
"-8.37985,-10.1557"
"-6.90109,-10.355"
"-10.1895,-8.68444"
"-9.78293,-9.66153"
"-8.80579,-9.53854"
"-8.17717,-10.8925"
"-9.46439,-8.75816"
"-7.5846,-10.693"
"-9.13943,-9.68176"
"-7.85152,-9.19414"
"-8.60182,-8.5481"
"-7.45889,-10.1272"
"-7.80639,-9.68302"
"-9.99719,-9.31042"
"-7.80287,-10.4917"
"-9.65239,-8.31364"
"-9.14562,-10.1357"
"-9.43094,-9.10406"
"-8.25425,-10.7271"
"-7.49374,-9.08975"
"-8.55808,-10.4146"
"-8.75658,-9.63831"
"-10.6764,-6.98538"
"-8.00164,-9.84218"
"-8.3698,-9.8416"
"-7.61348,-10.6573"
"-8.28161,-9.93742"
"-6.5597,-8.51259"
"-6.75271,-9.66072"
"-6.63675,-9.55625"
"-6.6339,-8.65661"
"-6.72251,-10.4994"
"-6.44367,-8.79866"
"-6.62077,-10.2505"
"-6.63901,-9.12946"
"-6.72896,-9.4081"
"-6.73763,-8.70381"
"-6.72661,-9.12871"
"-6.66656,-9.44264"
"-6.59403,-8.74921"
"-6.74378,-9.52098"
"-6.63535,-10.0339"
"-6.72243,-8.21781"
"-6.74421,-9.68616"
"-6.64605,-9.56872"
"-6.66903,-9.4955"
"-6.63428,-9.42813"
"-6.61399,-10.1069"
"-6.66286,-9.97071"
"-6.52097,-9.73554"
"-6.74668,-9.67984"
"-6.66113,-9.09563"
"-6.76478,-8.59247"
"-6.68267,-10.2723"
"-6.74991,-10.7272"
"-6.70306,-9.85563"
"-6.62668,-10.2369"
"-6.68738,-9.11797"
"-6.59226,-9.64286"
"-6.69073,-8.57413"
"-6.69854,-10.4251"
"-6.64097,-9.64694"
"-6.77251,-9.801"
"-6.65968,-9.72405"
"-6.58028,-9.38641"
"-6.49709,-9.6084"
"-6.6729,-9.01104"
"-6.88256,-9.2434"
"-6.68895,-10.0559"
"-6.47357,-9.73896"
"-6.66957,-9.83871"
"-6.62981,-10.0606"
"-6.75477,-9.32243"
"-6.73176,-10.1209"
"-6.6046,-9.07569"
"-6.73242,-9.65441"
"-6.63603,-8.5324"
"-6.62883,-9.91368"
"-6.6952,-8.70827"
"-6.6425,-10.2583"
"-6.64241,-9.806"
"-6.67834,-9.84933"
"-6.65353,-9.28648"
"-6.72874,-9.80226"
"-6.76378,-9.41802"
"-6.67932,-9.47366"
"-6.70483,-9.19471"
"-6.73246,-9.80811"
"-6.37886,-9.35786"
"-6.6463,-9.99702"
"-6.6868,-9.36652"
"-6.59784,-8.40509"
"-6.60115,-9.77137"
"-6.69229,-9.8207"
"-6.71286,-9.31726"
"-6.57465,-8.5663"
"-6.77755,-10.1282"
"-6.67025,-9.27698"
"-6.57711,-9.95049"
"-6.68129,-9.55805"
"-6.63503,-10.0278"
"-6.64822,-9.24909"
"-6.63754,-9.3434"
"-6.59354,-9.45704"
"-6.71658,-9.28682"
"-6.67637,-8.93027"
"-6.62231,-10.1362"
"-6.63468,-9.19055"
"-6.59832,-9.11987"
"-6.66759,-9.07905"
"-6.50982,-9.28573"
"-6.67012,-8.89441"
"-6.66806,-9.38757"
"-6.79031,-9.01508"
"-6.69548,-9.77453"
"-6.48026,-9.12143"
"-6.73327,-8.39631"
"-6.56065,-9.25767"
"-6.62337,-9.66747"
"-6.89012,-9.8528"
"-6.54668,-9.32196"
"-6.69067,-10.2658"
"-6.6235,-8.53384"
"-6.56665,-8.98506"
"-6.7005,-9.13598"
"-6.63723,-10.0602"
"-6.64589,-9.58168"
"-6.64949,-9.42411"
"-6.54478,-8.81477"
"-6.5736,-9.45443"
"-6.63088,-9.97418"
"-6.60172,-9.15426"
"-6.60383,-9.06447"
"-6.57194,-10.5162"